Label,prompt
The Catholic Card Game: Five Deck Expansion Pack,A Catholic's guide to ______.
The Catholic Card Game: Five Deck Expansion Pack,Aquinas responds to ______ with ______.
The Catholic Card Game: Five Deck Expansion Pack,At the sight of ______ Jesus was amazed.
The Catholic Card Game: Five Deck Expansion Pack,Be wise as ______ and innocent as _______.
The Catholic Card Game: Five Deck Expansion Pack,Even a Catholic cartoonist wouldn't dare to make light of ______.
The Catholic Card Game: Five Deck Expansion Pack,I am writing my thesis on ______.
The Catholic Card Game: Five Deck Expansion Pack,I got kicked out of a youth conference for ______.
The Catholic Card Game: Five Deck Expansion Pack,I only retweet tweets about ______.
The Catholic Card Game: Five Deck Expansion Pack,I ran out of money on pilgrimage because of ______.
The Catholic Card Game: Five Deck Expansion Pack,I will make you fishers of ______.
The Catholic Card Game: Five Deck Expansion Pack,I would give talks about ______ to youth groups.
The Catholic Card Game: Five Deck Expansion Pack,If you don't laugh at ______ it's just sad.
The Catholic Card Game: Five Deck Expansion Pack,It's not true Catholic church unless it offers ______.
The Catholic Card Game: Five Deck Expansion Pack,Leading adult faith formation is difficult because of ______.
The Catholic Card Game: Five Deck Expansion Pack,Modern philosophers will never understand ______.
The Catholic Card Game: Five Deck Expansion Pack,Only invoke ______ if you are ______.
The Catholic Card Game: Five Deck Expansion Pack,Podcasting about ______ is super difficult.
The Catholic Card Game: Five Deck Expansion Pack,Praying ______ away.
The Catholic Card Game: Five Deck Expansion Pack,Repent and submit to ______.
The Catholic Card Game: Five Deck Expansion Pack,Seek 2035 will be hosted by ______.
The Catholic Card Game: Five Deck Expansion Pack,Shout out to ______ for _____.
The Catholic Card Game: Five Deck Expansion Pack,St. Joseph is most notably quoted speaking about _______.
The Catholic Card Game: Five Deck Expansion Pack,Teaching about ______ shortens my purgatory time.
The Catholic Card Game: Five Deck Expansion Pack,The most underrated sacrilege of all is ______.
The Catholic Card Game: Five Deck Expansion Pack,The venial sin of ______ is a gatewa to the mortal sin of ______.
The Catholic Card Game: Five Deck Expansion Pack,Thomas Aquinas wrote the most about ______.
The Catholic Card Game: Five Deck Expansion Pack,Thomas' lesser-known book is about ______.
The Catholic Card Game: Five Deck Expansion Pack,What was I excommunicated for?
The Catholic Card Game: Five Deck Expansion Pack,What you don't want to find in the Holy Water.
